uri,subtitle,tags,url,uid,shared,type
ulid,time ordered UUIDs,tech,https://github.com/ulid/spec,487,2022-2-2,
Single table design,Putting all your app data in one table,"NoSQL,web,tech",https://www.alexdebrie.com/posts/dynamodb-single-table/,486,2022-2-1,
NoSQL Workbench,Basically a DynamoDB table designer,"web,tech",https://docs.aws.amazon.com/amazondynamodb/latest/developerguide/workbench.Modeler.html,485,2022-2-1,
I2P,The invisible internet project,"home,web,tech",https://geti2p.net/en/,483,2021-8-6,
Home mining,For non-KYC Bitcoin,"bitcoin,home,tech",https://www.econoalchemist.com/post/home-mining-for-non-kyc-bitcoin,481,2021-7-13,
GitHub Copilot,Autocomplete code,"ml,tech",https://twitter.com/natfriedman/status/1409883713786241032,480,2021-6-29,tweetquote
lnbook 04,Lightning Node Software,"bitcoin,tech",https://github.com/lnbook/lnbook/blob/develop/04_node_client.asciidoc,477,2021-6-17,
Stacks,"Smart contracts for Bitcoin, secured by Bitcoin’s blockchain, miners earn sats","bitcoin,tech",https://twitter.com/judecnelson/status/1404654641606971393,475,2021-6-15,tweetquote
Bitcoin Beach,Story of a village that adopts a circular Bitcoin economy ,"bitcoin,community,tech",https://www.forbes.com/sites/tatianakoffman/2020/07/14/this-el-salvador-village-adopts-bitcoin-as-money/,474,2021-6-9,
Bitcoin beach wallet,Community banking application,"bitcoin,community,tech",https://twitter.com/nicolasburtey/status/1402542040198623232,473,2021-6-9,tweetquote
Learn me a bitcoin,Unexpectedly friendly deep dive into how Bitcoin works,"bitcoin,crypto,tech",https://learnmeabitcoin.com/,472,2021-6-6,
Casa,Secure Bitcoin with multisig wallets,"home,bitcoin,tech",https://keys.casa/,471,2021-6-6,
Lightning Labs,"Building a faster, cheaper layer on top of bitcoin","bitcoin,tech",https://lightning.engineering/,470,2021-6-6,
Strike,Send money instantly with no fees,"bitcoin,crypto,finance",https://strike.me/faq/howitworks,469,2021-6-6,
Breez,"Wallet, payments, point of sale, and podcasts","bitcoin,crypto,tech",https://breez.technology/index.html,468,2021-6-6,
CBECI,Cambridge bitcoin electricity consumption index,"crypto,tech,sustainability",https://cbeci.org/,466,2021-5-13,
Good Garms,Discover sustainable & ethical clothing,"consumer,web",https://www.goodgarms.com/,463,2021-4-9,
Seeing Theory,A visual introduction to probability and statistics,"home,data,science",https://seeing-theory.brown.edu/,462,2021-4-5,
Amazon Builders' Library,Software architecture references,"enterprise,web,tech",https://aws.amazon.com/builders-library/?cards-body.sort-by=item.additionalFields.customSort&cards-body.sort-order=asc,461,2021-3-24,
Krisp HD Voice,Noise canceling plus voice enhancement,"ml,home,tech",https://krisp.ai/blog/hd-voice-echo-cancellation-more/,460,2021-3-9,
Proof of Work is Efficient,Dan Held on Bitcoin's energy usage,"crypto,finance,tech",https://www.danheld.com/blog/2019/1/5/pow-is-efficent,458,2021-2-25,
BlockFi,Borrow and earn interest on digital assets,"crypto,finance,tech",https://blockfi.com/,454,2021-2-3,
React server components,Optimized for performance,"js,web,tech",https://twitter.com/vercel/status/1350157615595048961,453,2021-1-23,tweetquote
Stripe Climate,Businesses can opt to contribute % revenue to carbon removal,"enterprise,tech,finance,sustainability",https://twitter.com/patrickc/status/1349889070164414465,452,2021-1-14,tweetquote
Stripe for VSCode,Dev tools for @stripe devs,"js,web,tech",https://twitter.com/auchenberg/status/1349772997993910272,451,2021-1-14,tweetquote
Avocado armchair,New OpenAI models turn text into images,"ml,tech",https://twitter.com/techreview/status/1348299504781549568,450,2021-1-11,tweetquote
2020 Letter,Dan Wang,"life,community,essay",https://twitter.com/danwwang/status/1345035058415996934,448,2021-1-3,tweetquote
Reverse engineering the vaccine,"The ""code"" behind the mRNA","covid,tech,science",https://berthub.eu/articles/posts/reverse-engineering-source-code-of-the-biontech-pfizer-vaccine/,447,2021-1-2,
Finviz,Financial visualization,"home,finance,web,tech",https://finviz.com/map.ashx,446,2021-1-2,
Space Telescope Live,Where's Hubble looking?,"home,web,space,science",https://spacetelescopelive.org/,445,2021-1-1,
Perceptilabs,Tensorflow GUI for machine learning,"home,ml,tech",https://perceptilabs.com/home,444,2020-12-30,
AI Tax Policy,Optimizes for balance between productivity and equality,"ml,tech,life",https://www.youtube.com/watch?v=Sr2ga3BBMTc,443,2020-12-30,
Online Statistics Education,A Multimedia Course of Study by Rice University,"home,math,data,science",http://onlinestatbook.com/2/index.html,442,2020-12-18,
Room Service,Multiplayer for the web,"js,web,tech",https://www.roomservice.dev/,441,2020-12-14,
OEC,"The observatory of economic complexity, visualizing international trade data","js,web,graphics,tech",https://oec.world/,439,2020-11-4,
KiwiCo,Kits for curious kids,"home,science,education,parenting",https://www.kiwico.com/,438,2020-9-5,
Maccy,Open source clipboard manager for macOS,"home,tech",https://github.com/p0deje/Maccy,437,2020-9-4,
Transferwise,Send money abroad,"payments,tech",https://transferwise.com/ca,436,2020-9-3,
Braintree,Payments platform,"payments,tech",https://www.braintreepayments.com/ca/braintree-pricing,435,2020-9-3,
Troff,And its companion programs,"home,nix,tech",https://troff.org/prog.html,434,2020-9-2,
Permacomputing,Applying permaculture concepts to the computer world,"tech,life",http://viznut.fi/texts-en/permacomputing.html,433,2020-8-25,
The headless dev,Tutorials for controlling browsers with code,"js,web,tech",https://theheadless.dev/,432,2020-8-19,
A tour of the ACME editor,"YT: An ""integrating"" development environment for programmers","tech,nix,home",https://www.youtube.com/watch?v=dP1xVpMPn8M,431,2020-8-11,
ksqldb,Event driven streaming database,"enterprise,db,tech",https://ksqldb.io/,430,2020-8-11,
The What and How of Sankey Diagrams,"Sankey diagrams, code, and how to make the best of them","python,tech,data,graphics",https://towardsdatascience.com/the-what-why-and-how-of-sankey-diagrams-430cbd4980b5,429,2020-8-7,
Synth Samples SDL2,SDL2 examples for starting audio programming in C,"c,tech,audio",https://github.com/lundstroem/synth-samples-sdl2,428,2020-8-7,
Grant Custer,Interface Design Experiments,"ux,tech,graphics,blog",https://feed.grantcuster.com/,427,2020-8-7,
Postscript Quickstart,A beginner guide to Postscript graphics,"graphics,tech",http://paulbourke.net/dataformats/postscript/,426,2020-8-7,
A Velvet Rope,Hype and exclusivity in recent startup launches,"tech,enterprise,strategies",https://medium.com/@gabygoldberg/the-value-of-a-velvet-rope-effects-of-hype-and-exclusivity-on-launch-strategies-8e8061cf517e,423,2020-7-27,
A Happy Job,"Job search by culture, values, perks, tech stack","enterprise,tech,life",https://www.ahappyjob.com/,422,2020-7-27,
Learnable Programming,designing a programming system for understanding programs via @worrydream ,"tech,learning,paper",http://worrydream.com/LearnableProgramming,421,2020-7-26,
Mindstorms,"Children, computers, and powerful ideas","tech,learning,books",https://www.goodreads.com/book/show/703532.Mindstorms,420,2020-7-26,
Just Javascript,A distilled mental model on Javascript by @dan_abramov,"js,tech,learning",https://justjavascript.com/,419,2020-7-26,
Magenta isn't a colour,Our brain makes it up to tell it apart from green,"home,life,science",https://www.biotele.com/magenta.html,418,2020-7-26,
ProductHunt Jul 22 2020,"Today's @producthunt Digest: Shopify’s new side project, no-code apps, and mentorship opportunities https://t.co/Uw01JVQ5O1","tech,news",https://www.producthunt.com/newsletter/5837,417,2020-7-22,
Allie Miller 2020,2020 AI resources review,"ml,tech,life,enterprise",https://medium.com/@alliekmiller/all-of-my-2020-linkedin-posts-71ddbe91f94b,416,2020-7-21,
Django Signals,TIL Django has a signal dispatcher,"python,tech",https://docs.djangoproject.com/en/3.0/topics/signals/,415,2020-7-20,
Next Chapter Program Expands,Includes Dropbox and Zoom,"tech,life,community",https://slackhq.com/next-chapter-program-expansion-dropbox-zoom,411,2020-7-17,
The White Parent's Guide,A guide to raising anti-racist kids,"parenting,life",https://www.parents.com/kids/responsibility/racism/the-white-parent-s-guide-to-raising-anti-racist-kids/,410,2020-7-16,
How to talk to kids about Race,The Conscious Kid,"parenting,life",https://www.theconsciouskid.org/how-to-talk-to-kids-about-race,409,2020-7-16,
Elements of Programming Interviews,Notes on the book via Collected Notes by @hello_brena,"home,tech,learning,enterprise",https://t.co/3HXqIN6DFf?amp=1,404,2020-7-15,
Hiplot,Interactive high dimensional plotting by Facebook,"ml,web,tech",https://facebookresearch.github.io/hiplot/_static/demo/ml1.csv.html,403,2020-7-15,
Macro,"Built on Zoom, reimagined for inclusiveness and collaboration","enterprise,web,tech",https://www.macro.io/,402,2020-7-14,
Grow with Google,"100,000 need-based scholarships in high growth fields","enterprise,tech,diversity",https://twitter.com/Google/status/1282677217307369474,401,2020-7-14,tweetquote
Popular Javascript interview questions,with answers,"js,enterprise,tech",https://twitter.com/nlognco/status/1282888619917627393,400,2020-7-14,tweetquote
Reply,Instantly create a public FAQ and Q/A page,"home,web,tech",https://rep.ly/,398,2020-7-13,
Riverside,Stream podcasts live with a web app and offline downloads,"enterprise,web,audio,tech",https://twitter.com/freialobo/status/1282080134141480960,397,2020-7-12,tweetquote
Feather Icons,Beautiful open source icons,"home,web,design,tech",https://feathericons.com/,396,2020-7-11,
Jarom Vogel,Augmented reality designs and comics,"ar,design,tech",https://twitter.com/jaromvogel/status/1125401258494324736,388,2020-7-11,tweetquote
AR Copy Paste,Paste your surroundings into any software,"ml,ar,tech",https://twitter.com/ProductHunt/status/1277165106397405186,384,2020-7-3,tweetquote
Jailed,Sandboxed javascript code execution,"js,web,tech",https://github.com/asvd/jailed,383,2020-7-3,
one line layouts,modern css layout and sizing techniques,"web,tech",https://twitter.com/Una/status/1278615508967981056,382,2020-7-2,tweetquote
FRL Holographic Optics,An experimental ultra-thin VR headset.,"vr,tech,gear,paper",https://research.fb.com/blog/2020/06/holographic-optics-for-thin-and-lightweight-virtual-reality/,381,2020-6-30,
Datocms streaming,HLS adaptive bitrate streaming support,"enterprise,web,tech",https://www.datocms.com/features/video-streaming-encoding,380,2020-6-30,
John Collison on Stripe,Stripe's mission is to increase the GDP of the internet.,"enterprise,web,tech",https://twitter.com/blakeir/status/1275459570492571650,379,2020-6-29,tweetquote
Facemoji,Social avatars,"web,life,tech",https://twitter.com/robinraszka/status/1277315533659164672,378,2020-6-29,tweetquote
What is stale-while-revalidate,And how does it make slow things fast?,"js,web,tech,blog",https://amorris.ca/notes/what-is-swr,377,2020-6-24,
MakeSpace,A project for social dynamics using the web,"web,life,tech",https://twitter.com/MakeSpaceTeam/status/1273661827642097665,376,2020-6-24,tweetquote
NextAuth.js,Authentication for NextJS & Serverless,"frontend,js,react,web,tech",https://next-auth-example.now.sh/,375,2020-6-23,
Outer Space Treaty Article II,Outer space is not subject to appropriation by any nation.,"space,tech",https://collectednotes.com/aaronmorris/outer-space-treaty-article-ii,374,2020-6-17,
Collected Notes,The simplest and most powerful note-taking platform,"web,tech",https://collectednotes.com/,373,2020-6-16,
Crystallize,Headless eCommerce to stand out when selling online,"headless,web,tech",https://crystallize.com/,372,2020-6-16,
Mux,Post a video and stream it everywhere,"headless,web,tech",https://mux.com/,371,2020-6-16,
sanity.io,Keeps your content flexible and limber as structured data,"headless,web,tech",https://www.sanity.io/structured-content,370,2020-6-16,
Ben Eater,Maximize human potential through education online.,"life,learning,web,tech",https://eater.net/,369,2020-6-10,
QuicTransport,"A new API offering low-latency, bidirectional, client-server messaging.","web,tech",https://twitter.com/Justinwillis96/status/1270768339531427840,368,2020-6-10,tweetquote
Visualizing Quaternions,Videos and interactive widgets,"web,math,tech",https://eater.net/quaternions/,367,2020-6-9,
Raheem,An independent service for reporting police in the US.,"home,community,life,BlackLivesMatter",https://raheem.org/,366,2020-6-9,
Map of Linux Kernel,An interactive web page.,"nix,tech",https://twitter.com/binitamshah/status/1269883131173240834,360,2020-6-8,tweetquote
Hair Loss in Black Tailed Deer,Foreign chewing lice appearing in BC deer.,"community,science,paper",https://www.jwildlifedis.org/doi/pdf/10.7589/0090-3558-40.4.670,357,2020-6-7,
Norilsk Oil Spill,"20,000 tonnes of diesel fuel spilled, flowing towards the Arctic Ocean","life,news",https://twitter.com/ASLuhn/status/1267780937330446337,354,2020-6-5,tweetquote
Implicit Association Tests,Harvard demonstration tests for checking your bias.,"home,science,BlackLivesMatter",https://implicit.harvard.edu/implicit/canada/selectatest.jsp,353,2020-6-2,
Racism Reading Guide,Books to understand and fight racism.,"books,BlackLivesMatter",https://www.buzzfeednews.com/article/ariannarebolini/george-floyd-amy-cooper-antiracist-books-reading-resources,352,2020-6-2,
On Distributed Systems,Small thoughts for new engineers working with distributed systems.,"enterprise,web,tech",https://www.somethingsimilar.com/2013/01/14/notes-on-distributed-systems-for-young-bloods/,351,2020-6-1,
Obsidian,An offline file-based markdown notebook with a graph view.,"home,blog,tech",https://obsidian.md/,349,2020-5-27,
Snowpack,A better build tool for modern javascript leveraging native Ecmascript modules.,"js,web,tech",https://www.snowpack.dev/,348,2020-5-27,
Terra Planter,An inside-out planter for growing plants indoors.,"home,garden,tech",https://www.terraplanter.com/,347,2020-5-25,
AI that does nothing,Adversarial agent learns to psyche out a trained AI to win!,"tech,ml,paper",https://www.youtube.com/watch?v=u5wtoH0_KuA,346,2020-5-24,
Simulating an epidemic,Toy models exploring how factors can change an epidemic.,"home,life,math,science",https://youtu.be/gxAaO2rsdIs,345,2020-5-24,
Humankind,A historian's book on human-nature and kindness.,"community,life,books",https://time.com/5838900/rutger-bregman-humankind-interview/,344,2020-5-23,
Building Relationships,Making work enjoyable and productive,"enterprise,life,blog",https://www.mindtools.com/pages/article/good-relationships.htm,343,2020-5-23,
Elevator Saga,Program elevators in Javascript.,"js,web,games,tech",https://play.elevatorsaga.com/,342,2020-5-22,
Surviving Depression,Cathartic notes on becoming present and grateful.,"thoughtful,home,life,blog",https://vishnu.tech/posts/surviving-depression/,341,2020-5-22,
Serverless Architecture,What a 100% serverless architecture looks like in AWS. ,"enterprise,web,tech",https://twitter.com/tysoncadenhead/status/1263863466315649024,340,2020-5-22,tweetquote
https://t.co/6YLyYeCq8y,passwordless login in a few lines of code.,"frontend,js,web,tech","http://magic.link,https://twitter.com/rauchg/status/1263904411362799616",339,2020-5-22,tweetquote
H.264 is Magic,A technical walkthrough of a remarkable technology.,"web,graphics,tech",https://sidbala.com/h-264-is-magic/,338,2020-5-21,
Shopify goes digital by default,Most work will be permanently remote.,"work,life,remote,community",https://twitter.com/tobi/status/1263483496087064579,337,2020-5-21,tweetquote
Notion API Worker,Serverless API access to Notion.,"home,blog,js,web,tech",https://github.com/splitbee/notion-api-worker,336,2020-5-21,
Google AIPs,API improvement proposals,"web,tech,paper",https://google.aip.dev/general,335,2020-5-21,
Exercise for ADHD,Immediately helps with both short and long term performance.,"brain,science,life,paper",https://www.ncbi.nlm.nih.gov/pmc/articles/PMC6617109/,334,2020-5-21,
Framer Web,"Free, collaborative, no-code prototyping.","js,web,ux,design,tech",https://twitter.com/framer/status/1262748834544775169,333,2020-5-19,tweetquote
Fortunæ,An open source and offline-first personal finance tracker.,"js,web,finance,tech",https://twitter.com/uonaiii/status/1262372284389634048,332,2020-5-18,tweetquote
Plant Jammer,AI-augmented recipe improvisation app to empty your fridge.,"home,ml,kitchen,tech",https://www.plantjammer.com/blog/recipes-dont-have-to-be-so-dumb,331,2020-5-17,
Psychobiotics,pre and probiotics that influence bacteria-brain relationships.,"brain,science,life",https://www.ncbi.nlm.nih.gov/pmc/articles/PMC5102282/,330,2020-5-17,
Inflammation and the Brain,Prolonged inflammation results in neurodegeneration and impaired neurogenesis.,"brain,science,life",https://www.ncbi.nlm.nih.gov/pmc/articles/PMC3390758/,329,2020-5-17,
BDNF,A protein highly related to brain growth activated through a rich multi-sensory environment.,"brain,science,life",https://en.wikipedia.org/wiki/Brain-derived_neurotrophic_factor#Cognitive_function,328,2020-5-17,
Recoil JS,An experimental state management library for React.,"react,js,web,tech",https://www.youtube.com/watch?v=fb3cOMFkEzs,327,2020-5-16,
Zapier's SEO Ranking Tips,Actionable advice to understand and boost your search ranking.,"home,enterprise,web,tech",https://zapier.com/blog/improve-search-engine-ranking/,326,2020-5-16,
Preact Devtools 0.6.1,Featuring snappy flame graphs.,"js,web,tech",https://twitter.com/marvinhagemeist/status/1258774064317059072,325,2020-5-16,tweetquote
A Visual Introduction to Machine Learning,Daring visualizations in this scroll-through introduction.,"js,web,tech,ml,blog",http://www.r2d3.us/visual-intro-to-machine-learning-part-1/,324,2020-5-16,
Waveforms,A React based interactive intro to sound for beginners.,"react,js,web,science,blog",https://pudding.cool/2018/02/waveforms/,323,2020-5-16,
Taika,"Coffee meets with keen humor, design, adaptogens","home,kitchen,coffee",https://taika.co/,322,2020-5-15,
Alphavantage,Real time and historical stock API.,"home,finance,tech",https://www.alphavantage.co/,321,2020-5-15,
Lovevery,Science-backed toys for babies to learn as they grow.,"home,parenting,life,gear",https://lovevery.com/,320,2020-5-14,
Product Design Methods in a Mind Map,Visual breakdown of product design responsibilities and concepts.,"enterprise,ux,design,tech",https://uxplanet.org/product-design-methods-mind-map-f6511820a7d5,319,2020-5-14,
Unreal Engine 5,Dynamic global illumination of billions of polygons.,"tech,games,news",https://www.unrealengine.com/en-US/blog/a-first-look-at-unreal-engine-5,318,2020-5-13,
Minimum lovable product,Don't serve burnt pizza,"tech,enterprise,engineering,blog",https://firstround.com/review/dont-serve-burnt-pizza-and-other-lessons-in-building-minimum-lovable-products/,317,2020-5-13,
Deno,a scripting runtime built for modern JavaScript.,"backend,js,web,tech",https://deno.land/v1,316,2020-5-13,
SWR shared hook state,share state between hook calls.,"react,frontend,web,tech",https://paco.im/blog/shared-hook-state-with-swr,315,2020-5-13,
Measuring B2B Growth,"@segment on not just growing your business, but knowing why it's growing.","enterprise,web,data,tech,blog",https://segment.com/blog/how-to-measure-B2B-growth/,313,2020-5-10,
Facebook Redesign,"How they've shipped the latest updates using things like atomic css, code splitting, and JS budgeting per product.","enterprise,frontend,web,tech,blog",https://engineering.fb.com/web/facebook-redesign/,312,2020-5-8,
MNT Reform,A much more personal computer. Fully open hardware. https://t.co/fVZOsbSVin,"tech,community,hardware",https://www.crowdsupply.com/mnt/reform,311,2020-5-8,
Modulz,No code design system app in private beta. ,"web,graphics,tech,design",https://www.modulz.app/,310,2020-5-7,
Hemingway App,Make your writing bold and clear.,"home,web,tech",https://hemingwayapp.com/,308,2020-5-6,
Writing without BS,And why it matters.,"home,life,blog,learning",https://withoutbullshit.com/blog/10-top-writing-tips-psychology,307,2020-5-6,
Codenames Online,Play codenames with friends using your browser.,"home,web,fun",https://www.horsepaste.com/,306,2020-5-6,
GRPC,General purpose RPC infrastructure.,"web,tech",https://grpc.io/blog/principles/,305,2020-5-6,
Zen Work Pod,Tiny workspace by @autonomousdotai ,"home,enterprise,gear",https://www.autonomous.ai/zen-work-pod?lang=en-US,304,2020-5-6,
Who's got the monkey?,Harvard on managers delegating to subordinates circa 1999.,"enterprise,work,life",https://hbr.org/1999/11/management-time-whos-got-the-monkey,303,2020-5-5,
Wealth shown to scale,Scroll to see the ultra rich visualized in your browser.,"enterprise,news,blog",https://mkorostoff.github.io/1-pixel-wealth/,302,2020-5-1,
Secret work from home tips,By the Zapier team.,"WFH,home,enterprise,blog",https://zapier.com/blog/secret-work-from-home-tips/,301,2020-5-1,
WebExtension Polyfill,Write extensions with promises,"js,web,tech",https://github.com/mozilla/webextension-polyfill,300,2020-4-30,
gartic,drawing and guessing game,"home,games",https://gartic.io/,299,2020-4-30,
VSCode auto-attach,Easier integrated debugging Circa 2018.,"home,poweruser,tech",https://code.visualstudio.com/blogs/2018/07/12/introducing-logpoints-and-auto-attach,298,2020-4-30,
BMI therapy,brain implant restores motion and touch,"tech,science,news",https://www.wired.com/story/a-brain-implant-restored-this-mans-motion-and-sense-of-touch/,297,2020-4-28,
window.location cheatsheet,by Samantha Ming,"web,tech,js",https://dev.to/samanthaming/window-location-cheatsheet-4edl,296,2020-4-28,
Executives?,What does an executive do anyway?,work,https://apenwarr.ca/log/20190926,293,2020-4-26,
Paul Sellers,Lifestyle Woodworker,"woodworking,home",https://www.youtube.com/watch?v=VmdSoAmytWw,292,2020-4-10,
CSS Separators,CSS only code generation ui,"web,tech",https://wweb.dev/resources/css-separator-generator,291,2020-4-25,
Zeit UI React,The design of the ZEIT is concise and aesthetic,web,https://react.zeit-ui.co/en-us/guide/introduction,290,2020-4-11,
Working Asynchronously,Why you should work asynchronously,"tech,work",https://blog.remote.com/why-you-should-be-doing-async-work/,289,2020-4-26,
important women in cs,some of many women notable in computer science,"tech,women",https://www.hillelwayne.com/post/important-women-in-cs/,288,2020-4-26,
Imba Language,Very fun and concise syntax for web apps,"tech,web",https://imba.io/,287,2020-4-26,
Kinto,Minimalist JSON storage by mozilla,"tech,web",https://docs.kinto-storage.org/en/latest/overview.html,286,2020-4-26,
MDN: Selection,Javascript input selection API,"tech,web",https://developer.mozilla.org/en-US/docs/Web/API/Selection,285,2020-4-26,
React Fiber in Depth,How react fiber works,"tech,web",https://medium.com/react-in-depth/inside-fiber-in-depth-overview-of-the-new-reconciliation-algorithm-in-react-e1c04700ef6e,284,2020-4-26,
HTM,Simple native javascript markup like react,"tech,web",https://github.com/developit/htm#--htm-hyperscript-tagged-markup--,283,2020-4-26,
htmldom.dev,HTML DOM manipulation with vanilla javascript,"tech,web",https://htmldom.dev/,282,2020-4-26,
HAV,Command line tool for getting HTML data,"tech,web",https://hav.amorris.ca/,281,2020-4-26,
Web Components,Make your own html tags,"tech,web",https://css-tricks.com/an-introduction-to-web-components/,280,2020-4-26,
Haunted,React Hooks style for web components,"tech,web",https://github.com/matthewp/haunted,279,2020-4-26,
ShellHub,A SSH server for remote linux access,"tech,nix",https://shellhub-io.github.io,278,2020-4-26,
CSS Grid Generator,Useful little grid generator with css export,"tech,tool,web",https://cssgrid-generator.netlify.com/,277,2020-4-26,
An Ode to Code Golf,Learning to code through live systems,"tech,blog",https://rauchg.com/2020/an-ode-to-code-golf,276,2020-4-26,
Import,A module system for bash,"tech,bash",https://import.pw/,275,2020-4-25,
htss,hierarchical threshold signature scheme,tech,https://github.com/getamis/alice,274,2020-4-26,
jmap,JSON meta application protocol (for mail),tech,https://en.wikipedia.org/wiki/JSON_Meta_Application_Protocol,273,2020-4-26,
resque,2009: redis backed asynchronous task queue,tech,https://github.blog/2009-11-03-introducing-resque/,272,2020-4-26,
millions of tiny dbs,thinking process behind amazon block storage,tech,https://blog.acolyer.org/2020/03/04/millions-of-tiny-databases/,271,2020-4-26,
Design Patterns,to Category Theory - a C# Dev's take,tech,https://blog.ploeh.dk/2017/10/04/from-design-patterns-to-category-theory/,270,2020-4-26,
fits in ram,your data fits in ram,tech,https://yourdatafitsinram.net/,269,2020-4-26,
knowledge graphs,pdf: comprehensive introduction,tech,https://arxiv.org/pdf/2003.02320.pdf,268,2020-4-26,
data lakes,Moden data lakes overview,tech,https://developer.sh/posts/delta-lake-and-iceberg,267,2020-4-26,
Advent of code...,in under a second. Optimizing solutions in go,tech,https://www.forrestthewoods.com/blog/solving-advent-of-code-in-under-a-second/,266,2020-4-26,
Personal Search,Building your own personal search workflow,tech,https://beepb00p.xyz/pkm-search.html,265,2020-4-26,
Power Keyboard,OSX rule based keyboard automation,tech,https://medium.com/@caulfieldOwen/turn-your-keyboard-into-a-text-editing-rocket-1514d8474d2d,264,2020-4-26,
ocaml space invaders,Blog post demonstrating OpenGL via OCaml,tech,https://marmelab.com/blog/2020/02/21/ocaml-and-opengl-in-practice.html,263,2020-4-26,
applied bioinformatics,learn by doing and building projects,tech,http://rosalind.info/problems/locations/,262,2020-4-26,
Mitogen,Remote bootstrap and IO multiplexer,tech,https://mitogen.networkgenomics.com/,261,2020-4-26,
bootOS,An operating system in 512 bytes,tech,https://github.com/nanochess/bootOS,260,2020-4-26,
amark: gun,fast peer to peer state syncing lib,tech,https://github.com/amark/gun,259,2020-4-26,
Vulcain,REST compliant HTTP/2 spec similar to graphql,tech,https://github.com/dunglas/vulcain,258,2020-4-26,
Dark Lang,Deploy code to production in 50ms,tech,https://medium.com/darklang/how-dark-deploys-code-in-50ms-771c6dd60671,257,2020-4-26,
awk systems,somewhere between c and the shell,tech,http://www.skeeve.com/awk-sys-prog.html,256,2020-4-26,
Data Processing Jobs,Scale.ai and its outsourced workers,tech,https://scale.ai/blog/positive-externalities,255,2020-4-26,
A web quine,HTML page that can edit and publish itself,tech,https://github.com/AAorris/quine,254,2020-4-26,
Neuralink,Neuralink did a live stream,tech,https://youtu.be/r-vbh3t7WVI,253,2020-4-26,
x86 System Calls,Implementing system calls,tech,https://x86.lol/generic/2019/07/04/kernel-entry.html,252,2020-4-26,
Godel's System T,A guaranteed-to-terminate sublanguage,tech,https://deniskyashif.com/gödels-system-t-in-typescript/,251,2020-4-26,
Introducing Pencilkit,WWDC on github,tech,https://github.com/Blackjacx/WWDC#introducing-pencilkit,250,2020-4-26,
ALU Chips,Look into a vintage ALU,tech,http://www.righto.com/2017/03/inside-vintage-74181-alu-chip-how-it.html,249,2020-4-26,
Build your own stuff,Lots of DIY projects to learn coding,tech,https://github.com/danistefanovic/build-your-own-x,248,2020-4-26,
WebWide,New online community for web developers,tech,https://hello.webwide.io,247,2020-4-26,
bootstrap tree view,A bootstrap tree view in react,tech,https://news.ycombinator.com/item?id=22441667,246,2020-4-26,
Ronin,An experimental graphics terminal,tech,https://wiki.xxiivv.com/#ronin,245,2020-4-26,
Gremlin,Functional graph traversal language,tech,https://tinkerpop.apache.org/gremlin.html,244,2020-4-26,
a perfect pull request,recommendations for a great pr experience,tech,https://github.blog/2015-01-21-how-to-write-the-perfect-pull-request/,243,2020-4-26,
go after the metagame,"To get good, go after the metagame",strategies,https://commoncog.com/blog/to-get-good-go-after-the-metagame/,242,2020-4-26,
Kite Surfing,YouTube video of kite surfing,sport,https://www.youtube.com/watch?v=yl8hiSHuhiI,241,2020-4-26,
How to water start,Windsurfing tutorial. Short and clear.,sport,https://youtu.be/QmWnEZ-G-HE,240,2020-4-26,
Hundred Rabbits,Digital Nomads making software on a boat,"solarpunk,tech",https://100r.co/,239,2020-4-26,
Solar Sailboats,Shipping with autonomous sail boats,"solarpunk,tech",https://octodon.social/@cathal/102722404991051185,238,2020-4-26,
ecosim,An ecosystem and evolution simulator,"science,tech",https://github.com/connor-brooks/ecosim,237,2020-4-26,
quinone battery,Progress in organic carbon batteries,"science,tech",https://www.mining.com/scientists-develop-organic-battery/,236,2020-4-26,
Organic Cell Design,Paper on designing living cells with functions,"science,tech",https://www.pnas.org/content/117/4/1853,235,2020-4-26,
Self driving truck,Delivered butter from Cali to Pennsylvania,"science,tech",https://www.santacruzsentinel.com/2019/12/10/a-self-driving-truck-delivered-butter-from-california-to-pennsylvania-in-three-days/,234,2020-4-26,
Protein Design,Scientists are synthesizing protein patterns,"science,tech",https://phys.org/news/2019-11-scientists-redesign-protein-based-pattern-formation.html,233,2020-4-26,
Fit for space,Radiation challenges to humans in space,"science,space",https://www.wired.com/story/are-humans-fit-for-space-a-herculean-study-says-maybe-not/,232,2020-4-26,
oberth effect,orbital maneuver making space travel possible,"science,space",https://en.wikipedia.org/wiki/Orbital_maneuver#Oberth_effect,231,2020-4-26,
splitting photons,Scientists split photons into 3,science,https://phys.org/news/2020-02-quantum-photon.html,230,2020-4-26,
Hubble's Greatest Hits,A gallery of space images,science,https://www.nationalgeographic.co.uk/photography/2018/08/hubbles-greatest-hits?image=hubble-48-mice-colliding-galaxies-1920_0,229,2020-4-26,
swr,"React Hooks + Data Fetching, caching tool","react,tech,web",https://swr.now.sh/#basic-data-loading,228,2020-4-26,
PyAV,Python library for ffmpeg work,"python,tech",https://github.com/mikeboers/PyAV,227,2020-4-26,
Automatically tracking everything,From the Zapier blog,"poweruser,tech",https://zapier.com/blog/keep-track-of-anything-automatically/,226,2020-4-25,
forestag nursery,Perennial ecosystems featuring tree nuts,permaculture,https://www.forestag.com/,224,2020-4-26,
sepp holzer,Alpine permaculture pioneer in Austria,"people,permaculture",https://en.wikipedia.org/wiki/Sepp_Holzer,223,2020-4-26,
masanobu fukuoka,Japanese philosopher and natural farmer,"people,permaculture",https://en.wikipedia.org/wiki/Masanobu_Fukuoka,222,2020-4-26,
redux persist,Persist redux state (ex. to local storage),"offline,tech,web",https://github.com/rt2zz/redux-persist,221,2020-4-26,
Nodes.io,Upcoming node editor using nodejs,"nodes,tech",http://nodes.io/story/,220,2020-4-26,
Flow GUI Pins,Pinterest page on node based guis,"nodes,tech",https://www.pinterest.ie/crozyx/flow-gui/,219,2020-4-26,
Max,Creative media node graph environment,"nodes,tech",https://cycling74.com/products/max/,218,2020-4-26,
kinopio,cute node graph ui in the web,nodes,https://kinopio.club,217,2020-4-26,
Botium,Friendly speech processing API,"nlp,tech",https://github.com/codeforequity-at/botium-speech-processing,216,2020-4-26,
Deepfake phone scam,"Scammers fake CEO voice, get money transfers","news,tech",https://nakedsecurity.sophos.com/2019/09/05/scammers-deepfake-ceos-voice-to-talk-underling-into-243000-transfer/,215,2020-4-26,
rauchg.com 2019 review,2019 in review for Guillermo Rauch and zeit.co,"news,tech",https://rauchg.com/2020/2019-in-review,214,2020-4-26,
Truck Delivers Butter,Self driving truck delivers butter in the US,"news,tech",https://www.santacruzsentinel.com/2019/12/10/a-self-driving-truck-delivered-butter-from-california-to-pennsylvania-in-three-days/,213,2020-4-26,
newscatcher,news parser in python,"news,tech",https://github.com/kotartemiy/newscatcher,212,2020-4-26,
mapping coronavirus,A guide to responsible mapping practices,"news,science",https://www.esri.com/arcgis-blog/products/product/mapping/mapping-coronavirus-responsibly/,211,2020-4-26,
Microproteins,We're finding smaller proteins than expected,"news,science",https://www.sciencemag.org/news/2019/10/new-universe-miniproteins-upending-cell-biology-and-genetics,210,2020-4-26,
Silicon Fabric,Connect chiplets through silicon fabric,"news,science",https://spectrum.ieee.org/computing/hardware/goodbye-motherboard-hello-siliconinterconnect-fabric,209,2020-4-26,
laser fusion,High precision fusion using boron and hydrogen,"news,science",https://newatlas.com/energy/hb11-hydrogen-boron-fusion-clean-energy/,208,2020-4-26,
Disney Plus,10 million subscribers in the first month,news,https://www.theverge.com/2019/11/13/20963172/disney-plus-subscribers-10-million-star-wars-marvel-pixar-launch,206,2020-4-26,
DeepSpeech,Mozilla's open sourced speech recognizer,"ml,tech",https://hacks.mozilla.org/2019/12/deepspeech-0-6-mozillas-speech-to-text-engine/,205,2020-4-26,
Thinc.ai,Functional API for machine learning,"ml,tech",https://thinc.ai,204,2020-4-26,
Meta RL,"Reinforcement learning, learned loss function","ml,tech",https://lilianweng.github.io/lil-log/2019/06/23/meta-reinforcement-learning.html#meta-learning-the-loss-function,203,2020-4-26,
Google BERT,Tunable machine learning model,"ml,tech",https://github.com/google-research/bert#what-has-been-released-in-this-repository,202,2020-4-26,
google dreamer,world models for reinforcement learning,"ml,tech",https://ai.googleblog.com/2020/03/introducing-dreamer-scalable.html,201,2020-4-26,
t5 transformer,text to text transfer transformer,"ml,tech",https://ai.googleblog.com/2020/02/exploring-transfer-learning-with-t5.html,200,2020-4-26,
ML: Cause and Effect,Concepts for truly intelligent machines,"ml,tech",https://www.quantamagazine.org/to-build-truly-intelligent-machines-teach-them-cause-and-effect-20180515,199,2020-4-26,
Google Meena,AI achieving state of the art 79% SSA score,"ml,tech",https://ai.googleblog.com/2020/01/towards-conversational-agent-that-can.html,198,2020-4-26,
ai morphogenesis,entities that are resistant to perturbation,"ml,tech",https://distill.pub/2020/growing-ca/?/,197,2020-4-26,
openai hide and seek,cooperative ai experiments,"ml,tech",https://www.youtube.com/watch?v=Lu56xVlZ40M,196,2020-4-26,
Tensorflow Graphics,Computer graphics meets deep learning,"ml,tech",https://medium.com/tensorflow/introducing-tensorflow-graphics-computer-graphics-meets-deep-learning-c8e3877b7668,195,2020-4-26,
Interpretable RL,Interpret and verify machine learning models,"ml,science,tech",https://blog.acolyer.org/2020/01/15/programmatically-interpretable-reinforcement-learning/,194,2020-4-26,
self supervised ml,Ex. learn to detect 90deg rotations in images,ml,https://amitness.com/2020/02/illustrated-self-supervised-learning/,193,2020-4-26,
attention agent,ML: evolve to attend to minimal visual input,ml,https://attentionagent.github.io/,192,2020-4-26,
weak learning,closed form solutions for labelling data,ml,http://hazyresearch.stanford.edu/flyingsquid,191,2020-4-26,
kolmogorov complexity,Length of the smallest possible code solution,"metrics,tech",http://theorangeduck.com/page/machine-learning-kolmogorov-complexity-squishy-bunnies,190,2020-4-26,
maryam mirzakhani,She is one of the top young minds on math,"math,women",https://en.wikipedia.org/wiki/Maryam_Mirzakhani,189,2020-4-26,
Algebraic Effects,They're like exceptions on steroids but not,"math,tech",https://overreacted.io/algebraic-effects-for-the-rest-of-us/,188,2020-4-26,
Mandelbrot,Javascript mandelbrot explorer,"math,tech",http://tilde.club/~david/m/,187,2020-4-26,
Algebra,"Rings, groups, monads, oh my!","math,tech",https://argumatronic.com/posts/2019-06-21-algebra-cheatsheet.html,186,2020-4-26,
Geometry Algebra,"Geometry, Algebra, Intuition; an exploration","math,tech",https://www.shapeoperator.com/2017/02/28/geometry-algebra-intuition/,185,2020-4-26,
Category Theory,The math perspective translated for science,"math,science",https://arxiv.org/pdf/1302.6946v1.pdf,184,2020-4-26,
HN: Math like Feynman?,Q: Any books for math like feynman lectures?,"math,science",https://news.ycombinator.com/item?id=21346272,183,2020-4-26,
some linear algebra,An introduction to linear algebra,math,https://betterexplained.com/articles/linear-algebra-guide/,182,2020-4-26,
mit linear algebra,Mit linear algebra content (2010),math,https://ocw.mit.edu/courses/mathematics/18-06-linear-algebra-spring-2010/video-lectures/,181,2020-4-26,
math for self learners,Hn: on learning math on your own time,math,https://news.ycombinator.com/item?id=22400375,180,2020-4-26,
discontinuities,Suspicious discontinuities investigated,math,https://danluu.com/discontinuities/,179,2020-4-26,
Gerbil Scheme,Opinionated Lisp dialect built on Gambit,"lisp,tech",https://cons.io/guide/intro.html#standard-library,178,2020-4-26,
modern functional lisp,States lack of popularity due to myths,lisp,https://ambrevar.xyz/modern-common-lisp/index.html,177,2020-4-26,
Mail Server Guide,I'd like to spin up my own mail server...,"nix,tech",https://www.c0ffee.net/blog/mail-server-guide/,176,2020-4-26,
elinks,Full featured text www browser,"nix,tech",http://elinks.or.cz/,175,2020-4-26,
Lnav,Log navigation tool with low dependencies,"nix,tech",https://lnav.org/,174,2020-4-26,
Kids Category,Apple guidelines for kids,"life,tech",https://developer.apple.com/app-store/review/guidelines/#kids-category,173,2020-4-26,
Mercury OS,"An operating system with no apps, distraction","life,tech",https://medium.com/@jasonyuan/introducing-mercury-os-f4de45a04289,172,2020-4-26,
Web of Knowledge...,And of surveilance.,"life,tech",https://dave.autonoma.ca/blog/2019/06/06/web-of-knowledge/,171,2020-4-26,
Take Notes,How to take notes on everything,"life,poweruser,tech",https://dev.to/maxwell_dev/how-to-take-notes-on-everything-32fc,170,2020-4-26,
voloboev mind map,Topics and relations as a mind map,"life,mind",https://my.mindnode.com/fFxApNMuV2GmAzkBYxcD5quSFBM5wevdSMcRTz7H,167,2020-4-26,
Mathematicians Lament,Modern schooling is failing to teach us math,"life,math",http://worrydream.com/refs/Lockhart-MathematiciansLament.pdf?fbclid=IwAR0jO-Vatk1Cl8LOs-7pZF9fc4oTrUZvCr1xy7ny0rlgGl9Dm6BnAcdd8zg,166,2020-4-26,
tweet sized concepts,tweets for concepts to understand the world,life,https://threadreaderapp.com/thread/1225561131122597896.html,165,2020-4-26,
Illegal to build,Things you can't build in america any more,life,https://twitter.com/CascadianSolo/status/1204306278173958145,164,2020-4-26,
voloboev parenting,Links regarding being a first time parent,life,https://wiki.nikitavoloboev.xyz/life/parenting,163,2020-4-26,
dominic system,A person-action memory system,"learning,life",https://artofmemory.com/wiki/Dominic_System,162,2020-4-26,
major system,A base 10 phonetic memory system,"learning,life",https://en.m.wikipedia.org/wiki/Mnemonic_major_system,161,2020-4-26,
b1fipl,single file programming languages,"lang,tech",https://github.com/marcpaq/b1fipl,159,2020-4-26,
Cell Lang,A data model definition language,"lang,tech",http://cell-lang.net/example.html,158,2020-4-26,
Scopes,Language with literate data syntax,"lang,tech",https://scopes.readthedocs.io/en/latest/tutorial.html,157,2020-4-26,
Flix,Opinionated functional programming language,"lang,tech",https://flix.dev/,156,2020-4-26,
Luna,Hybrid visual programming language,"lang,nodes,tech",https://www.luna-lang.org/,155,2020-4-26,
Eve - Visual History,Rethinking literate programming,"lang,nodes,tech",https://futureofcoding.org/essays/eve/,154,2020-4-26,
js demo walkthrough,improve conversion rate with interactive demos,"js,tech",https://github.com/tagspace/trevor-demo,153,2020-4-26,
ThreeJS Fundamentals,Get started with 3d in the browser,"home,tech,web",https://threejsfundamentals.org/threejs/lessons/threejs-fundamentals.html,152,2020-4-26,
Zeit Now,Now with zero configuration deployments,"home,tech,web",https://zeit.co/guides/upgrade-to-zero-configuration/,151,2020-4-26,
savedbits,a guy sharing links,"home,tech,web",https://savedbits.com/about.php,150,2020-4-26,
Tmux Tutorial,Intro to tmux,"home,tech",https://leimao.github.io/blog/Tmux-Tutorial/,149,2020-4-26,
zapier for alfred,combine two powerful productivity tools,"home,tech",https://zapier.com/blog/zapier-for-alfred/,148,2020-4-26,
explorables,interactive explanations,"home,tech",https://explorabl.es,147,2020-4-26,
Write a Text Editor,Build your own Text Editor in C,"home,tech",https://viewsourcecode.org/snaptoken/kilo/index.html,146,2020-4-26,
on voice coding,"how to get set up, costs, challenges, etc","home,tech",https://dusty.phillips.codes/2020/02/15/on-voice-coding/,145,2020-4-26,
par.sr,"Transform pdf, documents, images into data","home,tech",https://github.com/axa-group/Parsr,144,2020-4-26,
convos,self hosted irc,"home,tech",https://convos.by/,143,2020-4-26,
6502 homebuilt,6502 projects built at home by enthusiasts,"home,tech",http://www.6502.org/homebuilt,142,2020-4-26,
pkms,personal knowledge management system,"home,tech",https://beepb00p.xyz/pkm-setup.html,141,2020-4-26,
"Matchmoving, Lenses",A document on the matchmoving process,"home,tech",https://medium.com/pftrack-blog/what-every-matchmove-artist-needs-to-know-about-lenses-d81f123e2613,140,2020-4-26,
Mapeo,Open source mapping tools - DIY maps,"home,tech",https://www.digital-democracy.org/mapeo/,139,2020-4-26,
explorable physics,HN: High school physics via simulations,"home,science,tech",https://landgreen.github.io/physics/index.html,138,2020-4-26,
physics travel guide,Expository physics wiki with three levels,"home,science",https://physicstravelguide.com/,137,2020-4-26,
Build a spectroscope,DIY science - you might need a box and a cd,"home,science",http://scitoys.com/spectroscope.html,136,2020-4-26,
Open Structures,Design system measurements PDF,"home,science",https://openstructures.family/sites/default/files/2019-08/os_manual_4.3.pdf,135,2020-4-26,
voloboev karabiner,Turn all keys into sticky hyper keys on osx,"home,poweruser,tech",https://wiki.nikitavoloboev.xyz/macos/macos-apps/karabiner,134,2020-4-26,
voloboev alfred,Collection of Alfred workflows,"home,poweruser,tech",https://github.com/learn-anything/alfred-workflows#readme,133,2020-4-26,
alfredapp,productivity app for mac os,"home,poweruser,tech",https://www.alfredapp.com,132,2020-4-26,
learn anything,Project dedicated to rapid learning,"home,poweruser,tech",https://github.com/learn-anything,131,2020-4-26,
huggingface tokenizers,Todays most used tokenizers for nlp work,"home,nlp,tech",https://github.com/huggingface/tokenizers,130,2020-4-26,
Colors: designs.ai,Use AI to generate and match colors,"home,ml,tech",https://designs.ai/colors/,129,2020-4-26,
wav2letter,Embeddable speech recognition software,"home,ml,nlp,tech",https://ai.facebook.com/blog/online-speech-recognition-with-wav2letteranywhere,128,2020-4-26,
Code Search Dataset,Code search ML Dataset,"home,ml",https://github.com/github/CodeSearchNet#downloading-data-from-s3,127,2020-4-26,
makefile cheat sheet,devhints makefile cheat sheet,"home,make,tech",https://devhints.io/makefile,126,2020-4-26,
your makefile is wrong,an opinionated take on makefiles,"home,make,tech",https://tech.davis-hansson.com/p/make/,125,2020-4-26,
Make a Lisp,Lisp implementation and docs in 77 languages,"home,lisp,tech",https://github.com/kanaka/mal,124,2020-4-26,
on being offline,solene on offline laptop workflows,"home,life,solarpunk,tech,work",https://dataswamp.org/~solene/2020-02-18-offline-laptop-v2.html,123,2020-4-26,
Finding Joy,Some tips to be positive and find joy,"home,life",https://www.success.com/11-simple-ways-to-find-joy-in-your-everyday-life/,122,2020-4-26,
Pynini,Python grammar builder,"home,lang,tech",https://github.com/kylebgorman/pynini,121,2020-4-26,
build a compiler,by jack crenshaw,"home,lang,tech",https://compilers.iecc.com/crenshaw/,120,2020-4-26,
Haskell Syntax Guide,A quick deep dive,"home,lang,tech",https://prajitr.github.io/quick-haskell-syntax/,119,2020-4-26,
how to make mead,"Mead, melomel, cyser - comes from honey, water","home,kitchen",https://www.growforagecookferment.com/how-to-make-a-gallon-of-mead/,118,2020-4-26,
fermented honey garlic,"Raw honey, garlic, ferment in a jar","home,kitchen",https://www.growforagecookferment.com/fermented-honey-garlic/,117,2020-4-26,
andy jones bread,Simple bread recipe for quarantine time,"home,kitchen",https://andyljones.com/posts/bread.html,116,2020-4-26,
how to cook burdock,Burdock is a nutty root vegetable,"home,kitchen",https://www.growforagecookferment.com/how-to-cook-burdock-root/,115,2020-4-26,
japanese preserves,"M: Preserving, the japanese way","home,kitchen",https://merveilles.town/@rek/103922180102362711,114,2020-4-26,
Processing,Software sketchbook language,"home,coding,language",https://processing.org/,113,2020-4-25,
notes on notes,p13k's notes on notes and note taking,home,https://p1k3.com/notes-on-notes/,112,2020-4-26,
24 inch shelf brackets,Want these for a table in our tiny house,home,https://www.amazon.com/dp/B07VXWBHWF/,111,2020-4-26,
Music for Programming,Compilation of music to listen to while coding,home,http://musicforprogramming.net/,110,2020-4-26,
linkalot,Guy writes local link saving web ui,home,https://gitlab.com/dmpop/linkalot/-/tree/master,109,2020-4-26,
rope ladder knots,You can use these knots to make a rope ladder,home,https://www.youtube.com/watch?v=sBsZ1mfcEMg,108,2020-4-26,
font face tool,font editing tool in the web,"graphics,tech",https://face.constraint.systems/,107,2020-4-26,
Nata Xlat,Photographs old computers - beautiful,"graphics,tech",https://www.flickr.com/photos/xlat8086/albums,106,2020-4-26,
flif,open source image format,"graphics,tech",https://flif.info/,105,2020-4-26,
Gradient Ascent,Visualize CNNs with gradient ascent,"graphics,ml,tech",https://keras.io/examples/conv_filter_visualization/,104,2020-4-26,
raytracing essentials,weekly info on ray tracing,"graphics,math,tech",https://news.developer.nvidia.com/ray-tracing-essentials-part-1-basics-of-ray-tracing/,103,2020-4-26,
flow fields,a tool for producing interesting curves,"graphics,home,tech",https://tylerxhobbs.com/essays/2020/flow-fields,102,2020-4-26,
open image libraries,Open access image libraries,"graphics,home",https://www.apollo-magazine.com/open-access-image-libraries-a-handy-list/,101,2020-4-26,
asciinema,Record your terminal to JSON and render it out,"graphics,home",https://asciinema.org/,100,2020-4-26,
face modeling,3D Modeling and topology of faces (reference),"graphics,home",https://www.thundercloud-studio.com/face-modeling/,99,2020-4-26,
overview of typography,visual overview of typographic terms,graphics,http://thinkingwithtype.com/letter/,98,2020-4-26,
display-p3,p3 gamut colors in css,graphics,https://webkit.org/blog/10042/wide-gamut-color-in-css-with-display-p3/,97,2020-4-26,
portamill,Turn your chainsaww into a sawmill,"gear,home,woodworking",https://www.norwoodsawmills.com/en_ca/portamill-pm14,96,2020-4-26,
build a keyboard,YT: How to build a 60% keyboard,"gear,home,tech",https://www.youtube.com/watch?v=W0FSvTYlggw,95,2020-4-26,
soldering products,Recommended soldering products from input club,"gear,home,tech",https://input.club/recommended-soldering-products/,94,2020-4-26,
diy detachable usb kit,Make your own detachable paracable cables,"gear,home",https://zapcables.com/diy-detachable-usb-cable-kit/,93,2020-4-26,
yohann macbook stand,Hand crafted wood macbook stand,"gear,home",https://www.yohann.com/product/macbook-and-macbook-pro-stand/,92,2020-4-26,
fellow coffee,Fellow coffee products look great,"gear,home",https://fellowproducts.com,91,2020-4-26,
vari active seat,Amazon: Standing desk seat,gear,https://www.amazon.com/gp/product/B07BC6DS42/,90,2020-4-26,
handmade hero,Hand made game built live from scratch,"games,tech",https://handmadehero.org,89,2020-4-26,
wingspan,Card driven engine building board game,games,https://stonemaiergames.com/games/wingspan/,88,2020-4-26,
How to draw a horse,A comedic little illustrated story,"fun,graphics,life",https://www.newyorker.com/humor/daily-shouts/how-to-draw-a-horse,87,2020-4-26,
"Image Net, Racism",0.5m removed items after racial bias exposed,"ethics,tech",https://hyperallergic.com/518822/600000-images-removed-from-ai-database-after-art-project-exposes-racist-bias/,86,2020-4-26,
Load Balancing,An intro to load balancing and proxies,"enterprise,tech,web",https://blog.envoyproxy.io/introduction-to-modern-network-load-balancing-and-proxying-a57f6ff80236,85,2020-4-26,
Plant UML,UML text format for nice graph diagrams,"enterprise,tech",http://plantuml.com/,84,2020-4-26,
nhost,Serverless backend with hasura,"enterprise,tech",https://nhost.io/,83,2020-4-26,
academy landscape,(vfx) academy software products,"enterprise,tech",https://landscape.aswf.io,82,2020-4-26,
Resilience Engineering,Managing failures in complex systems,"enterprise,tech",https://github.com/lorin/resilience-engineering#resilience-engineering-papers,81,2020-4-26,
rearchitecting,case studies in rearchitecting,"enterprise,tech",https://increment.com/software-architecture/case-studies-in-rearchitecting/,80,2020-4-26,
netflix dispatch,open source crisis management overview,"enterprise,tech",https://outline.com/p3PBUY,79,2020-4-26,
goodreads etl pipeline,Goodreads content into a data warehouse,"enterprise,tech",https://github.com/san089/goodreads_etl_pipeline,78,2020-4-26,
enterprisetech30,promising private companies in enterprise tech,"enterprise,news,tech",https://www.enterprisetech30.com,77,2020-4-26,
good judgement,the elements of good judgement for leaders,"enterprise,life",https://hbr.org/2020/01/the-elements-of-good-judgment,76,2020-4-26,
insights bi,open source business intelligence,"enterprise,home,tech",https://github.com/mariusandra/insights,75,2020-4-26,
Learn email marketing,A how-to guide by Zapier,"enterprise,home",https://zapier.com/learn/email-marketing/grow-email-list/,74,2020-4-24,
prefer hard startups,Hard startups are better than easy ones,enterprise,https://blog.samaltman.com/hard-startups,73,2020-4-26,
solar kitchen,Solar kitchen in Tamera's solar test field,"engineering,life,solarpunk",https://www.tamera.org/solar-kitchen/,72,2020-4-26,
gears,Bartosz Ciechanowski is fascinated by gears,"engineering,interactive,tech",https://ciechanow.ski/gears/,71,2020-4-26,
w3c css,W3C has core stylesheets since 1998,"design,web",https://www.w3.org/StyleSheets/Core/Overview,70,2020-4-26,
mvp css,Semantic css with no class names,"design,web",https://github.com/andybrewer/mvp,69,2020-4-26,
ZDog,Round-flat design API,"design,tech,web",https://zzz.dog/,68,2020-4-26,
Obvious Design,The obvious UI is often the best one,"design,tech",https://medium.com/google-design/the-obvious-ui-is-often-the-best-ui-7a25597d79fd,67,2020-4-26,
Hot and Cold Media,Video has more information than text,"design,tech",https://alexdanco.com/2019/10/17/the-audio-revolution/,66,2020-4-26,
Bullet Charts,Effective visualization that's easy to build,"design,tech",https://www.atyantik.com/bullet-charts-what-is-it-and-how-to-use-it/,65,2020-4-26,
Ishikawa Diagram,Causal diagrams created by Kaoru Ishikawa,"design,science",https://en.wikipedia.org/wiki/Ishikawa_diagram,64,2020-4-26,
Atlassian Design,Design guidelines by atlassian,"design,home,web",https://atlassian.design/guidelines/product/overview,63,2020-4-26,
Marc Levoy Lectures,Digital photography lectures,"design,home",https://sites.google.com/site/marclevoylectures/,62,2020-4-26,
GMUNK,"Designer, Director","design,graphics,tech",https://gmunk.com,61,2020-4-26,
606,"Vitsoe, Dieter Rams universal shelving system","design,engineering,gear,tech",https://www.vitsoe.com/us/606,60,2020-4-26,
Recutils,Human editable plain text databases,"db,tech,nix",https://www.gnu.org/software/recutils/,59,2020-4-26,
Announcing MessageDB,Message based database system,"db,tech",https://blog.eventide-project.org/articles/announcing-message-db/,58,2020-4-26,
SU Relational Data,Stanford course notes on relational data,"db,tech",http://infolab.stanford.edu/~ullman/focs/ch08.pdf,57,2020-4-26,
blur hash,Blurry image icons you can store in a table,"db,tech",https://blurha.sh,56,2020-4-26,
Oscean,Oscean is a flat file wiki engine.,"db,solarpunk,tech",https://wiki.xxiivv.com/site/oscean.html,55,2020-4-26,
EdgeDB,We can do better than SQL,"db,lang,tech",https://edgedb.com/blog/we-can-do-better-than-sql/,54,2020-4-26,
sqlite,local data storage for individuals,"db,home,tech",https://www.sqlite.org/whentouse.html,53,2020-4-26,
Notion,All in one workspace,"db,home,tech",https://www.notion.so/product,52,2020-4-26,
open flight data,HN discussion (cool global data collection),"data,tech",https://news.ycombinator.com/item?id=22360940,51,2020-4-26,
open refine,Data refinement tool,"data,tech",https://openrefine.org,50,2020-4-26,
tesla patents,Tesla's patents by grant date,"data,science",http://web.mit.edu/most/Public/Tesla1/grant_tesla.html,49,2020-4-26,
public domain data,Public domain resources by ameyama,"data,home",https://ameyama.com/pd-resources,48,2020-4-26,
open peeps,illustrated people library,"data,graphics,home",https://www.openpeeps.com/,47,2020-4-26,
smithsonian images,Millions of images released to public domain,"data,graphics",https://www.smithsonianmag.com/smithsonian-institution/smithsonian-releases-28-million-images-public-domain-180974263/,46,2020-4-26,
suncoast lumber,Lumber supplier in Sechelt,"craft,home",https://www.suncoastlumber.com/products,45,2020-4-26,
OSS Seeds,Open source seed directory,"community,tech",https://osseeds.org/,44,2020-4-26,
No-Commute Imperative,We need to adopt a non-commute culture,"community,life,work",https://www.irishtimes.com/business/innovation/chris-horn-we-need-to-adopt-a-no-commute-culture-1.4110977,43,2020-4-26,
Dynamic Land,a new computational medium for society,"community,life,tech",https://dynamicland.org/,42,2020-4-26,
Daybreaker,Wake up and dance with your community,"community,life",https://www.daybreaker.com/,41,2020-4-26,
trends in remote work,remote work is growing,"community,home,life,tech,work",https://www.yac.chat/blog/the-shifting-state-of-remote-work,40,2020-4-26,
Compositing Guide,A guide to alpha compositing,"color,math",https://ciechanow.ski/alpha-compositing/,39,2020-4-26,
Stripe - Color Systems,Accessible color systems post from stripe,"color,design,tech",https://stripe.com/en-ca/blog/accessible-color-systems,38,2020-4-26,
cloud native landscape,cloud native computing foundation products,"cloud,tech",https://landscape.cncf.io,37,2020-4-26,
Let's Destroy C,Macro hacks that make C look high level,"c,tech",https://gist.github.com/shakna-israel/4fd31ee469274aa49f8f9793c3e71163#lets-destroy-c,36,2020-4-26,
Encapsulation in C,Proper encapsulation example in C,"c,tech",https://alastairs-place.net/blog/2013/06/03/encapsulation-in-c/,35,2020-4-26,
c++20 text formatting,text formatting like python,"c,tech",https://www.bfilipek.com/2020/02/extra-format-cpp20.html,34,2020-4-26,
selfie,"Tiny c compiler, emulator, hypervisor","c,tech",http://selfie.cs.uni-salzburg.at/,33,2020-4-26,
Hacking Clang,Implementing fat arrow funcs and lambdas,"c,tech",https://mort.coffee/home/clang-compiler-hacking/,32,2020-4-26,
c python bindings,HN discussion (see: ctypes),"c,python,tech",https://news.ycombinator.com/item?id=22365166,31,2020-4-26,
cppreference,html archive of cppreference.com,"c,offline,tech",https://en.cppreference.com/w/File:html_book_20190607.zip,30,2020-4-26,
glibc,gnu c library docs with offline downloads,"c,offline,tech",https://www.gnu.org/software/libc/manual/,29,2020-4-26,
ctoy,dependency free c99 opengl/openal c playground,"c,home,tech",https://github.com/anael-seghezzi/CToy,28,2020-4-26,
Wart Layers,Actually about organizing your C code,"c,home,tech",http://akkartik.name/post/wart-layers,27,2020-4-26,
sqlite c intro,intro to using sqlite in c code,"c,home,tech",http://zetcode.com/db/sqlitec/,26,2020-4-26,
linux from scratch,learn how linux works by building stuff,"c,home,nix,tech",http://linuxfromscratch.org/lfs/downloads/stable/LFS-BOOK-9.0-NOCHUNKS.html,25,2020-4-26,
c4,c in 4 functions - minimalist compiler,"c,home,lang,tech",https://github.com/rswier/c4,24,2020-4-26,
Write an Alsa Driver,On writing your own ALSA drivers,"c,home",https://www.kernel.org/doc/html/v4.17/sound/kernel-api/writing-an-alsa-driver.html,23,2020-4-26,
songho: gl pbo,GL Pixel Buffer Objects,"c,home",http://www.songho.ca/opengl/gl_pbo.html,22,2020-4-26,
tiny c games,tiny ready to compile c games,c,https://github.com/superjer/tinyc.games,21,2020-4-26,
25 programming books,25 most recommended books scraped online,"books,tech",https://www.daolf.com/posts/best-programming-books/,20,2020-4-26,
sql antipatterns,database programming with Bill Karwin,"books,sql,tech",https://pragprog.com/book/bksqla/sql-antipatterns,19,2020-4-26,
one straw revolution,"Masanobu Fukuoka on farming, eating, ecology","books,permaculture",https://play.google.com/store/books/details?id=3Uo1tTcpDmkC,18,2020-4-26,
Dad is Cool,Book recommended to me about fatherhood,"books,life",https://www.amazon.com/Dad-cool-Marcos-Piangers-ebook/dp/B0191QL9DU,17,2020-4-26,
The Ebbing Language,Poetic reflection on language,books,https://www.poetryfoundation.org/poetrymagazine/articles/150735/the-ebbing-language,16,2020-4-26,
how to create a mind,Ray Kurzweil's rational view of the mind,books,https://books.google.ca/books?id=FCcXiBPurdEC,15,2020-4-26,
godel escher bach,What do they have in common?,books,https://books.google.ca/books?id=grzEQgAACAAJ,14,2020-4-26,
moonwalking w einstein,The art and science of remembering everything,books,https://www.gatesnotes.com/Books/Moonwalking-with-Einstein,13,2020-4-26,
pragmatic programmer,Highly recommended book on programming,books,https://www.amazon.ca/Pragmatic-Programmer-journey-mastery-Anniversary/dp/0135957052/,12,2020-4-26,
frank chimero,"brief thoughts on design, writing, music...","blog,tech",https://frankchimero.com/blog/,11,2020-4-26,
daniel grey,"he shares links, designs book covers","blog,tech",http://danielgray.com/links,10,2020-4-26,
solo dev year 2,Second year as a solo developer retrospective,"blog,community,tech",https://mtlynch.io/solo-developer-year-2/,9,2020-4-26,
pxltrm,pixel art editor inside the terminal,"bash,graphics,nix,tech",https://github.com/dylanaraps/pxltrm,8,2020-4-26,
overtone,collaborative programmable music,"audio,home,tech",https://overtone.github.io/,7,2020-4-26,
nestdrop,Audio visualization in real time via milkdrop,audio,http://nestimmersion.ca/nestdrop.html,6,2020-4-26,
spectro,webgl fft visualizer,audio,https://github.com/calebj0seph/spectro/blob/master/docs/making-of.md,5,2020-4-26,
midi 2.0 vote,midi 2.0 voted in by manufacturers,audio,https://www.engadget.com/2020/01/29/midi-2-0-bidirectional-profiles-property-exchange/,4,2020-4-26,
Seaboard Keyboard,Midi polyphonic expression keyboard,audio,https://roli.com/products/seaboard,3,2020-4-26,
copyrighted melodies,Two artists copyrighted all melodies,audio,https://www.vice.com/en_us/article/wxepzw/musicians-algorithmically-generate-every-possible-melody-release-them-to-public-domain,2,2020-4-26,
euro track modules,Modular audio generators,audio,https://github.com/pichenettes/eurorack,1,2020-4-26,